Date,n
2009-06-20,1171
2009-06-21,1158
2009-06-22,1193
2009-06-23,1230
2009-06-24,1225
2009-06-25,1084
2009-06-26,1219
2009-06-27,1273
2009-06-28,1119
2009-06-29,1182
2009-06-30,1214
2009-07-01,1323
2009-07-02,1144
2009-07-03,1155
2009-07-04,1013
2009-07-05,1013
2009-07-06,1116
2009-07-07,1199
2009-07-08,1060
2009-07-09,1168
2009-07-10,1244
2009-07-11,1106
2009-07-12,1167
2009-07-13,1095
2009-07-14,1144
2009-07-15,1176
2009-07-16,1190
2009-07-17,1223
2009-07-18,1120
2009-07-19,1047
2009-07-20,1160
2009-07-21,1190
2009-07-22,1232
2009-07-23,1136
2009-07-24,1214
2009-07-25,1136
2009-07-26,1118
2009-07-27,1174
2009-07-28,1163
2009-07-29,1163
2009-07-30,1147
2009-07-31,1139
2009-08-01,1340
2009-08-02,1122
2009-08-03,1122
2009-08-04,1076
2009-08-05,1206
2009-08-06,1150
2009-08-07,1122
2009-08-08,1171
2009-08-09,1178
2009-08-10,1165
2009-08-11,1254
2009-08-12,1252
2009-08-13,1188
2009-08-14,1261
2009-08-15,1210
2009-08-16,1121
2009-08-17,1150
2009-08-18,1308
2009-08-19,1218
2009-08-20,1206
2009-08-21,1161
2009-08-22,1012
2009-08-23,1066
2009-08-24,1088
2009-08-25,1156
2009-08-26,1181
2009-08-27,1037
2009-08-28,1152
2009-08-29,1108
2009-08-30,1016
2009-08-31,1029
2009-09-01,1263
2009-09-02,1105
2009-09-03,1125
2009-09-04,1172
2009-09-05,1067
2009-09-06,1105
2009-09-07,1028
2009-09-08,1093
2009-09-09,1147
2009-09-10,1185
2009-09-11,1285
2009-09-12,1128
2009-09-13,1039
2009-09-14,1060
2009-09-15,1180
2009-09-16,1135
2009-09-17,1146
2009-09-18,1223
2009-09-19,1111
2009-09-20,1067
2009-09-21,1090
2009-09-22,1129
2009-09-23,1197
2009-09-24,1214
2009-09-25,1214
2009-09-26,1103
2009-09-27,1063
2009-09-28,1110
2009-09-29,1090
2009-09-30,996
2009-10-01,1148
2009-10-02,1054
2009-10-03,980
2009-10-04,962
2009-10-05,1056
2009-10-06,1088
2009-10-07,1158
2009-10-08,1055
2009-10-09,1080
2009-10-10,1101
2009-10-11,919
2009-10-12,985
2009-10-13,1150
2009-10-14,1050
2009-10-15,1088
2009-10-16,1150
2009-10-17,1025
2009-10-18,1002
2009-10-19,1112
2009-10-20,1172
2009-10-21,1186
2009-10-22,1068
2009-10-23,1084
2009-10-24,1136
2009-10-25,1055
2009-10-26,1046
2009-10-27,1104
2009-10-28,1079
2009-10-29,1074
2009-10-30,1180
2009-10-31,1183
2009-11-01,1175
2009-11-02,1002
2009-11-03,1071
2009-11-04,1098
2009-11-05,1077
2009-11-06,1139
2009-11-07,1092
2009-11-08,1077
2009-11-09,1133
2009-11-10,1098
2009-11-11,1086
2009-11-12,1078
2009-11-13,1207
2009-11-14,1148
2009-11-15,1035
2009-11-16,998
2009-11-17,1018
2009-11-18,1042
2009-11-19,1038
2009-11-20,1187
2009-11-21,992
2009-11-22,987
2009-11-23,1021
2009-11-24,992
2009-11-25,1085
2009-11-26,681
2009-11-27,947
2009-11-28,988
2009-11-29,881
2009-11-30,1015
2009-12-01,1225
2009-12-02,997
2009-12-03,974
2009-12-04,997
2009-12-05,912
2009-12-06,902
2009-12-07,901
2009-12-08,964
2009-12-09,908
2009-12-10,803
2009-12-11,990
2009-12-12,968
2009-12-13,878
2009-12-14,1017
2009-12-15,958
2009-12-16,958
2009-12-17,1002
2009-12-18,1071
2009-12-19,918
2009-12-20,908
2009-12-21,918
2009-12-22,884
2009-12-23,881
2009-12-24,753
2009-12-25,607
2009-12-26,753
2009-12-27,757
2009-12-28,819
2009-12-29,823
2009-12-30,924
2009-12-31,816
2010-01-01,1429
2010-01-02,793
2010-01-03,760
2010-01-04,855
2010-01-05,912
2010-01-06,886
2010-01-07,864
2010-01-08,931
2010-01-09,820
2010-01-10,782
2010-01-11,955
2010-01-12,1004
2010-01-13,991
2010-01-14,1078
2010-01-15,1212
2010-01-16,936
2010-01-17,901
2010-01-18,909
2010-01-19,1039
2010-01-20,969
2010-01-21,960
2010-01-22,1094
2010-01-23,1045
2010-01-24,829
2010-01-25,924
2010-01-26,987
2010-01-27,896
2010-01-28,895
2010-01-29,862
2010-01-30,873
2010-01-31,823
2010-02-01,1031
2010-02-02,890
2010-02-03,942
2010-02-04,950
2010-02-05,966
2010-02-06,858
2010-02-07,761
2010-02-08,844
2010-02-09,797
2010-02-10,822
2010-02-11,851
2010-02-12,890
2010-02-13,876
2010-02-14,765
2010-02-15,828
2010-02-16,920
2010-02-17,926
2010-02-18,1036
2010-02-19,962
2010-02-20,912
2010-02-21,809
2010-02-22,831
2010-02-23,970
2010-02-24,909
2010-02-25,885
2010-02-26,961
2010-02-27,908
2010-02-28,843
2010-03-01,1137
2010-03-02,969
2010-03-03,962
2010-03-04,987
2010-03-05,1112
2010-03-06,982
2010-03-07,845
2010-03-08,1094
2010-03-09,1110
2010-03-10,1128
2010-03-11,1110
2010-03-12,1157
2010-03-13,983
2010-03-14,896
2010-03-15,1071
2010-03-16,1115
2010-03-17,1068
2010-03-18,1156
2010-03-19,1164
2010-03-20,876
2010-03-21,902
2010-03-22,966
2010-03-23,1117
2010-03-24,1145
2010-03-25,1078
2010-03-26,1068
2010-03-27,1094
2010-03-28,956
2010-03-29,973
2010-03-30,1052
2010-03-31,1062
2010-04-01,1261
2010-04-02,1136
2010-04-03,976
2010-04-04,882
2010-04-05,1009
2010-04-06,1058
2010-04-07,913
2010-04-08,1081
2010-04-09,1074
2010-04-10,1144
2010-04-11,957
2010-04-12,1017
2010-04-13,1030
2010-04-14,1162
2010-04-15,1255
2010-04-16,1123
2010-04-17,1024
2010-04-18,937
2010-04-19,1022
2010-04-20,1107
2010-04-21,1004
2010-04-22,1059
2010-04-23,1163
2010-04-24,1019
2010-04-25,918
2010-04-26,1047
2010-04-27,1025
2010-04-28,1041
2010-04-29,1067
2010-04-30,1157
2010-05-01,1202
2010-05-02,973
2010-05-03,1112
2010-05-04,1121
2010-05-05,1255
2010-05-06,1104
2010-05-07,1113
2010-05-08,953
2010-05-09,982
2010-05-10,1100
2010-05-11,999
2010-05-12,1109
2010-05-13,1034
2010-05-14,1213
2010-05-15,1114
2010-05-16,959
2010-05-17,1031
2010-05-18,1093
2010-05-19,1084
2010-05-20,1129
2010-05-21,1090
2010-05-22,1052
2010-05-23,1056
2010-05-24,1153
2010-05-25,1107
2010-05-26,1176
2010-05-27,1091
2010-05-28,1146
2010-05-29,1061
2010-05-30,975
2010-05-31,811
2010-06-01,1298
2010-06-02,1114
2010-06-03,1056
2010-06-04,1141
2010-06-05,1061
2010-06-06,970
2010-06-07,1079
2010-06-08,1014
2010-06-09,1129
2010-06-10,1231
2010-06-11,1159
2010-06-12,999
2010-06-13,926
2010-06-14,1110
2010-06-15,1085
2010-06-16,1093
2010-06-17,1141
2010-06-18,1082
2010-06-19,931
2010-06-20,1088
2010-06-21,1142
2010-06-22,1041
2010-06-23,1005
2010-06-24,1024
2010-06-25,1154
2010-06-26,1119
2010-06-27,1106
2010-06-28,1168
2010-06-29,1106
2010-06-30,1140
2010-07-01,1259
2010-07-02,1091
2010-07-03,1005
2010-07-04,999
2010-07-05,1110
2010-07-06,1076
2010-07-07,1088
2010-07-08,1157
2010-07-09,1097
2010-07-10,1072
2010-07-11,1019
2010-07-12,1063
2010-07-13,1019
2010-07-14,1128
2010-07-15,1097
2010-07-16,1144
2010-07-17,1121
2010-07-18,1077
2010-07-19,1041
2010-07-20,1129
2010-07-21,1085
2010-07-22,1187
2010-07-23,1092
2010-07-24,935
2010-07-25,1064
2010-07-26,1056
2010-07-27,1134
2010-07-28,1098
2010-07-29,1004
2010-07-30,1061
2010-07-31,1002
2010-08-01,1195
2010-08-02,1062
2010-08-03,1045
2010-08-04,1049
2010-08-05,1119
2010-08-06,1154
2010-08-07,1101
2010-08-08,1069
2010-08-09,1098
2010-08-10,1112
2010-08-11,1099
2010-08-12,1042
2010-08-13,1068
2010-08-14,1119
2010-08-15,1107
2010-08-16,1116
2010-08-17,1084
2010-08-18,1129
2010-08-19,1152
2010-08-20,1151
2010-08-21,1060
2010-08-22,1042
2010-08-23,1129
2010-08-24,1116
2010-08-25,1071
2010-08-26,1140
2010-08-27,1134
2010-08-28,1040
2010-08-29,1128
2010-08-30,1132
2010-08-31,1084
2010-09-01,1226
2010-09-02,1022
2010-09-03,1098
2010-09-04,987
2010-09-05,982
2010-09-06,1055
2010-09-07,1128
2010-09-08,1056
2010-09-09,1014
2010-09-10,1121
2010-09-11,970
2010-09-12,1077
2010-09-13,997
2010-09-14,1069
2010-09-15,1057
2010-09-16,1039
2010-09-17,1126
2010-09-18,1050
2010-09-19,1039
2010-09-20,1083
2010-09-21,1134
2010-09-22,1125
2010-09-23,1086
2010-09-24,1150
2010-09-25,1096
2010-09-26,974
2010-09-27,969
2010-09-28,1084
2010-09-29,1072
2010-09-30,1001
2010-10-01,1238
2010-10-02,905
2010-10-03,886
2010-10-04,985
2010-10-05,1046
2010-10-06,1122
2010-10-07,1069
2010-10-08,1183
2010-10-09,1099
2010-10-10,1095
2010-10-11,1019
2010-10-12,1096
2010-10-13,1038
2010-10-14,1038
2010-10-15,1160
2010-10-16,1010
2010-10-17,979
2010-10-18,1032
2010-10-19,1034
2010-10-20,1053
2010-10-21,1066
2010-10-22,1067
2010-10-23,1001
2010-10-24,948
2010-10-25,1034
2010-10-26,1091
2010-10-27,1027
2010-10-28,989
2010-10-29,1084
2010-10-30,992
2010-10-31,1005
2010-11-01,1114
2010-11-02,1044
2010-11-03,972
2010-11-04,963
2010-11-05,1010
2010-11-06,937
2010-11-07,944
2010-11-08,1053
2010-11-09,1121
2010-11-10,1108
2010-11-11,1044
2010-11-12,1057
2010-11-13,946
2010-11-14,899
2010-11-15,1032
2010-11-16,940
2010-11-17,928
2010-11-18,940
2010-11-19,1093
2010-11-20,953
2010-11-21,912
2010-11-22,906
2010-11-23,932
2010-11-24,947
2010-11-25,666
2010-11-26,868
2010-11-27,854
2010-11-28,892
2010-11-29,917
2010-11-30,891
2010-12-01,948
2010-12-02,974
2010-12-03,929
2010-12-04,858
2010-12-05,767
2010-12-06,774
2010-12-07,887
2010-12-08,802
2010-12-09,854
2010-12-10,961
2010-12-11,811
2010-12-12,670
2010-12-13,729
2010-12-14,814
2010-12-15,906
2010-12-16,860
2010-12-17,911
2010-12-18,801
2010-12-19,751
2010-12-20,840
2010-12-21,815
2010-12-22,883
2010-12-23,856
2010-12-24,744
2010-12-25,503
2010-12-26,612
2010-12-27,687
2010-12-28,813
2010-12-29,797
2010-12-30,852
2010-12-31,832
2011-01-01,1538
2011-01-02,711
2011-01-03,885
2011-01-04,845
2011-01-05,896
2011-01-06,888
2011-01-07,937
2011-01-08,837
2011-01-09,749
2011-01-10,918
2011-01-11,845
2011-01-12,910
2011-01-13,937
2011-01-14,987
2011-01-15,895
2011-01-16,769
2011-01-17,809
2011-01-18,884
2011-01-19,932
2011-01-20,818
2011-01-21,840
2011-01-22,755
2011-01-23,811
2011-01-24,844
2011-01-25,914
2011-01-26,919
2011-01-27,842
2011-01-28,902
2011-01-29,826
2011-01-30,756
2011-01-31,794
2011-02-01,697
2011-02-02,320
2011-02-03,524
2011-02-04,669
2011-02-05,705
2011-02-06,653
2011-02-07,762
2011-02-08,718
2011-02-09,762
2011-02-10,780
2011-02-11,890
2011-02-12,828
2011-02-13,780
2011-02-14,875
2011-02-15,920
2011-02-16,935
2011-02-17,980
2011-02-18,1070
2011-02-19,882
2011-02-20,761
2011-02-21,705
2011-02-22,855
2011-02-23,860
2011-02-24,882
2011-02-25,910
2011-02-26,856
2011-02-27,783
2011-02-28,866
2011-03-01,1057
2011-03-02,822
2011-03-03,932
2011-03-04,941
2011-03-05,782
2011-03-06,723
2011-03-07,847
2011-03-08,916
2011-03-09,931
2011-03-10,946
2011-03-11,1075
2011-03-12,959
2011-03-13,777
2011-03-14,918
2011-03-15,930
2011-03-16,1053
2011-03-17,1077
2011-03-18,1103
2011-03-19,928
2011-03-20,806
2011-03-21,984
2011-03-22,916
2011-03-23,936
2011-03-24,893
2011-03-25,1022
2011-03-26,862
2011-03-27,845
2011-03-28,899
2011-03-29,917
2011-03-30,938
2011-03-31,959
2011-04-01,1079
2011-04-02,1106
2011-04-03,947
2011-04-04,1031
2011-04-05,992
2011-04-06,1029
2011-04-07,970
2011-04-08,1028
2011-04-09,948
2011-04-10,1113
2011-04-11,1006
2011-04-12,969
2011-04-13,1034
2011-04-14,1028
2011-04-15,1023
2011-04-16,924
2011-04-17,913
2011-04-18,904
2011-04-19,777
2011-04-20,880
2011-04-21,892
2011-04-22,894
2011-04-23,984
2011-04-24,848
2011-04-25,930
2011-04-26,947
2011-04-27,988
2011-04-28,963
2011-04-29,979
2011-04-30,976
2011-05-01,1143
2011-05-02,966
2011-05-03,993
2011-05-04,1025
2011-05-05,1078
2011-05-06,1062
2011-05-07,973
2011-05-08,942
2011-05-09,1057
2011-05-10,1076
2011-05-11,1111
2011-05-12,1045
2011-05-13,1174
2011-05-14,929
2011-05-15,918
2011-05-16,968
2011-05-17,1040
2011-05-18,955
2011-05-19,1060
2011-05-20,1115
2011-05-21,966
2011-05-22,1015
2011-05-23,1053
2011-05-24,1038
2011-05-25,976
2011-05-26,949
2011-05-27,1032
2011-05-28,948
2011-05-29,882
2011-05-30,1004
2011-05-31,1091
2011-06-01,1216
2011-06-02,1177
2011-06-03,1113
2011-06-04,1101
2011-06-05,1032
2011-06-06,1071
2011-06-07,1096
2011-06-08,1081
2011-06-09,962
2011-06-10,1148
2011-06-11,1020
2011-06-12,1006
2011-06-13,1054
2011-06-14,1101
2011-06-15,1106
2011-06-16,1029
2011-06-17,1175
2011-06-18,1058
2011-06-19,1049
2011-06-20,1107
2011-06-21,1067
2011-06-22,1039
2011-06-23,1046
2011-06-24,1029
2011-06-25,1112
2011-06-26,1097
2011-06-27,1000
2011-06-28,1079
2011-06-29,1107
2011-06-30,1033
2011-07-01,1132
2011-07-02,1131
2011-07-03,983
2011-07-04,1030
2011-07-05,1146
2011-07-06,1087
2011-07-07,1073
2011-07-08,1028
2011-07-09,1073
2011-07-10,1079
2011-07-11,1090
2011-07-12,1089
2011-07-13,1118
2011-07-14,1068
2011-07-15,1189
2011-07-16,1103
2011-07-17,1042
2011-07-18,1051
2011-07-19,1069
2011-07-20,1019
2011-07-21,1011
2011-07-22,1128
2011-07-23,1038
2011-07-24,1001
2011-07-25,1062
2011-07-26,1039
2011-07-27,1094
2011-07-28,1090
2011-07-29,1066
2011-07-30,1075
2011-07-31,1049
2011-08-01,1232
2011-08-02,1022
2011-08-03,1126
2011-08-04,1146
2011-08-05,1146
2011-08-06,1106
2011-08-07,929
2011-08-08,923
2011-08-09,997
2011-08-10,1016
2011-08-11,1053
2011-08-12,1130
2011-08-13,1038
2011-08-14,972
2011-08-15,1035
2011-08-16,953
2011-08-17,1032
2011-08-18,1072
2011-08-19,1169
2011-08-20,1082
2011-08-21,1007
2011-08-22,1020
2011-08-23,990
2011-08-24,1031
2011-08-25,1091
2011-08-26,1049
2011-08-27,1050
2011-08-28,1009
2011-08-29,1034
2011-08-30,1044
2011-08-31,1078
2011-09-01,1179
2011-09-02,1089
2011-09-03,996
2011-09-04,971
2011-09-05,935
2011-09-06,942
2011-09-07,992
2011-09-08,934
2011-09-09,1075
2011-09-10,1091
2011-09-11,965
2011-09-12,1054
2011-09-13,1029
2011-09-14,983
2011-09-15,963
2011-09-16,1064
2011-09-17,978
2011-09-18,918
2011-09-19,989
2011-09-20,968
2011-09-21,977
2011-09-22,1130
2011-09-23,1014
2011-09-24,949
2011-09-25,908
2011-09-26,942
2011-09-27,947
2011-09-28,937
2011-09-29,986
2011-09-30,1022
2011-10-01,1072
2011-10-02,927
2011-10-03,938
2011-10-04,970
2011-10-05,966
2011-10-06,971
2011-10-07,1055
2011-10-08,1015
2011-10-09,1003
2011-10-10,896
2011-10-11,1025
2011-10-12,1066
2011-10-13,828
2011-10-14,1021
2011-10-15,962
2011-10-16,893
2011-10-17,918
2011-10-18,919
2011-10-19,878
2011-10-20,888
2011-10-21,1009
2011-10-22,1010
2011-10-23,1041
2011-10-24,1023
2011-10-25,1060
2011-10-26,977
2011-10-27,956
2011-10-28,1045
2011-10-29,948
2011-10-30,954
2011-10-31,1036
2011-11-01,1201
2011-11-02,974
2011-11-03,861
2011-11-04,1005
2011-11-05,904
2011-11-06,941
2011-11-07,869
2011-11-08,871
2011-11-09,891
2011-11-10,865
2011-11-11,958
2011-11-12,998
2011-11-13,934
2011-11-14,963
2011-11-15,1059
2011-11-16,884
2011-11-17,910
2011-11-18,930
2011-11-19,911
2011-11-20,915
2011-11-21,932
2011-11-22,851
2011-11-23,975
2011-11-24,711
2011-11-25,934
2011-11-26,878
2011-11-27,825
2011-11-28,898
2011-11-29,892
2011-11-30,894
2011-12-01,1052
2011-12-02,999
2011-12-03,875
2011-12-04,884
2011-12-05,935
2011-12-06,875
2011-12-07,834
2011-12-08,831
2011-12-09,861
2011-12-10,881
2011-12-11,836
2011-12-12,922
2011-12-13,976
2011-12-14,910
2011-12-15,935
2011-12-16,950
2011-12-17,816
2011-12-18,832
2011-12-19,940
2011-12-20,980
2011-12-21,936
2011-12-22,880
2011-12-23,923
2011-12-24,734
2011-12-25,518
2011-12-26,712
2011-12-27,786
2011-12-28,852
2011-12-29,864
2011-12-30,898
2011-12-31,791
2012-01-01,1506
2012-01-02,702
2012-01-03,807
2012-01-04,799
2012-01-05,871
2012-01-06,913
2012-01-07,860
2012-01-08,800
2012-01-09,882
2012-01-10,899
2012-01-11,886
2012-01-12,745
2012-01-13,752
2012-01-14,780
2012-01-15,772
2012-01-16,826
2012-01-17,844
2012-01-18,791
2012-01-19,748
2012-01-20,685
2012-01-21,717
2012-01-22,682
2012-01-23,833
2012-01-24,898
2012-01-25,962
2012-01-26,924
2012-01-27,932
2012-01-28,808
2012-01-29,813
2012-01-30,868
2012-01-31,964
2012-02-01,1038
2012-02-02,880
2012-02-03,897
2012-02-04,848
2012-02-05,743
2012-02-06,765
2012-02-07,858
2012-02-08,810
2012-02-09,828
2012-02-10,775
2012-02-11,712
2012-02-12,716
2012-02-13,729
2012-02-14,776
2012-02-15,927
2012-02-16,869
2012-02-17,984
2012-02-18,763
2012-02-19,785
2012-02-20,716
2012-02-21,850
2012-02-22,896
2012-02-23,817
2012-02-24,784
2012-02-25,792
2012-02-26,726
2012-02-27,817
2012-02-28,893
2012-02-29,875
2012-03-01,1041
2012-03-02,881
2012-03-03,779
2012-03-04,757
2012-03-05,764
2012-03-06,938
2012-03-07,950
2012-03-08,922
2012-03-09,958
2012-03-10,890
2012-03-11,804
2012-03-12,911
2012-03-13,926
2012-03-14,930
2012-03-15,1000
2012-03-16,956
2012-03-17,1069
2012-03-18,919
2012-03-19,979
2012-03-20,992
2012-03-21,1076
2012-03-22,979
2012-03-23,976
2012-03-24,905
2012-03-25,885
2012-03-26,830
2012-03-27,868
2012-03-28,911
2012-03-29,948
2012-03-30,941
2012-03-31,878
2012-04-01,998
2012-04-02,828
2012-04-03,883
2012-04-04,865
2012-04-05,881
2012-04-06,903
2012-04-07,974
2012-04-08,820
2012-04-09,918
2012-04-10,843
2012-04-11,919
2012-04-12,922
2012-04-13,939
2012-04-14,944
2012-04-15,977
2012-04-16,931
2012-04-17,958
2012-04-18,878
2012-04-19,961
2012-04-20,917
2012-04-21,876
2012-04-22,824
2012-04-23,935
2012-04-24,896
2012-04-25,952
2012-04-26,925
2012-04-27,963
2012-04-28,878
2012-04-29,803
2012-04-30,869
2012-05-01,1059
2012-05-02,998
2012-05-03,981
2012-05-04,1030
2012-05-05,949
2012-05-06,842
2012-05-07,972
2012-05-08,1024
2012-05-09,976
2012-05-10,916
2012-05-11,996
2012-05-12,932
2012-05-13,819
2012-05-14,1004
2012-05-15,1039
2012-05-16,947
2012-05-17,954
2012-05-18,977
2012-05-19,930
2012-05-20,956
2012-05-21,886
2012-05-22,950
2012-05-23,1072
2012-05-24,1023
2012-05-25,1083
2012-05-26,910
2012-05-27,927
2012-05-28,1030
2012-05-29,1094
2012-05-30,985
2012-05-31,829
2012-06-01,1217
2012-06-02,944
2012-06-03,991
2012-06-04,980
2012-06-05,950
2012-06-06,1024
2012-06-07,990
2012-06-08,1114
2012-06-09,1049
2012-06-10,1008
2012-06-11,1066
2012-06-12,1088
2012-06-13,1076
2012-06-14,979
2012-06-15,1081
2012-06-16,1061
2012-06-17,946
2012-06-18,1067
2012-06-19,1004
2012-06-20,1098
2012-06-21,1056
2012-06-22,1120
2012-06-23,1128
2012-06-24,1077
2012-06-25,965
2012-06-26,956
2012-06-27,1046
2012-06-28,939
2012-06-29,1045
2012-06-30,1011
2012-07-01,1188
2012-07-02,1056
2012-07-03,1060
2012-07-04,1045
2012-07-05,1010
2012-07-06,1027
2012-07-07,1062
2012-07-08,1092
2012-07-09,1065
2012-07-10,1054
2012-07-11,1030
2012-07-12,1038
2012-07-13,1083
2012-07-14,1054
2012-07-15,1125
2012-07-16,988
2012-07-17,1004
2012-07-18,976
2012-07-19,919
2012-07-20,1072
2012-07-21,1065
2012-07-22,985
2012-07-23,988
2012-07-24,967
2012-07-25,1012
2012-07-26,975
2012-07-27,1040
2012-07-28,1044
2012-07-29,1015
2012-07-30,1000
2012-07-31,933
2012-08-01,1101
2012-08-02,1019
2012-08-03,1061
2012-08-04,1000
2012-08-05,960
2012-08-06,962
2012-08-07,952
2012-08-08,972
2012-08-09,936
2012-08-10,914
2012-08-11,993
2012-08-12,944
2012-08-13,868
2012-08-14,961
2012-08-15,1062
2012-08-16,937
2012-08-17,963
2012-08-18,986
2012-08-19,940
2012-08-20,893
2012-08-21,921
2012-08-22,890
2012-08-23,1031
2012-08-24,1032
2012-08-25,1080
2012-08-26,905
2012-08-27,902
2012-08-28,953
2012-08-29,955
2012-08-30,929
2012-08-31,1014
2012-09-01,1176
2012-09-02,895
2012-09-03,890
2012-09-04,913
2012-09-05,861
2012-09-06,1017
2012-09-07,960
2012-09-08,985
2012-09-09,910
2012-09-10,877
2012-09-11,913
2012-09-12,936
2012-09-13,868
2012-09-14,996
2012-09-15,1012
2012-09-16,897
2012-09-17,901
2012-09-18,831
2012-09-19,913
2012-09-20,919
2012-09-21,998
2012-09-22,871
2012-09-23,827
2012-09-24,869
2012-09-25,922
2012-09-26,934
2012-09-27,838
2012-09-28,983
2012-09-29,970
2012-09-30,869
2012-10-01,1051
2012-10-02,905
2012-10-03,919
2012-10-04,880
2012-10-05,914
2012-10-06,807
2012-10-07,768
2012-10-08,900
2012-10-09,892
2012-10-10,961
2012-10-11,866
2012-10-12,964
2012-10-13,875
2012-10-14,860
2012-10-15,939
2012-10-16,874
2012-10-17,956
2012-10-18,896
2012-10-19,942
2012-10-20,961
2012-10-21,926
2012-10-22,839
2012-10-23,892
2012-10-24,1018
2012-10-25,851
2012-10-26,962
2012-10-27,861
2012-10-28,827
2012-10-29,832
2012-10-30,872
2012-10-31,951
2012-11-01,1071
2012-11-02,931
2012-11-03,801
2012-11-04,731
2012-11-05,889
2012-11-06,786
2012-11-07,875
2012-11-08,853
2012-11-09,1001
2012-11-10,977
2012-11-11,884
2012-11-12,795
2012-11-13,825
2012-11-14,847
2012-11-15,946
2012-11-16,941
2012-11-17,874
2012-11-18,848
2012-11-19,866
2012-11-20,925
2012-11-21,892
2012-11-22,660
2012-11-23,787
2012-11-24,838
2012-11-25,813
2012-11-26,799
2012-11-27,807
2012-11-28,858
2012-11-29,916
2012-11-30,991
2012-12-01,1056
2012-12-02,842
2012-12-03,933
2012-12-04,916
2012-12-05,860
2012-12-06,875
2012-12-07,896
2012-12-08,777
2012-12-09,761
2012-12-10,852
2012-12-11,826
2012-12-12,914
2012-12-13,808
2012-12-14,954
2012-12-15,858
2012-12-16,788
2012-12-17,828
2012-12-18,849
2012-12-19,875
2012-12-20,828
2012-12-21,777
2012-12-22,732
2012-12-23,763
2012-12-24,709
2012-12-25,522
2012-12-26,621
2012-12-27,684
2012-12-28,855
2012-12-29,806
2012-12-30,706
2012-12-31,738
2013-01-01,1383
2013-01-02,750
2013-01-03,773
2013-01-04,866
2013-01-05,789
2013-01-06,698
2013-01-07,818
2013-01-08,755
2013-01-09,883
2013-01-10,847
2013-01-11,905
2013-01-12,763
2013-01-13,709
2013-01-14,744
2013-01-15,841
2013-01-16,831
2013-01-17,848
2013-01-18,926
2013-01-19,884
2013-01-20,688
2013-01-21,665
2013-01-22,692
2013-01-23,796
2013-01-24,862
2013-01-25,824
2013-01-26,797
2013-01-27,704
2013-01-28,907
2013-01-29,906
2013-01-30,856
2013-01-31,753
2013-02-01,887
2013-02-02,738
2013-02-03,591
2013-02-04,728
2013-02-05,789
2013-02-06,825
2013-02-07,752
2013-02-08,816
2013-02-09,800
2013-02-10,762
2013-02-11,759
2013-02-12,783
2013-02-13,860
2013-02-14,749
2013-02-15,932
2013-02-16,691
2013-02-17,692
2013-02-18,756
2013-02-19,749
2013-02-20,768
2013-02-21,768
2013-02-22,763
2013-02-23,697
2013-02-24,676
2013-02-25,756
2013-02-26,674
2013-02-27,825
2013-02-28,808
2013-03-01,1001
2013-03-02,766
2013-03-03,717
2013-03-04,814
2013-03-05,695
2013-03-06,724
2013-03-07,831
2013-03-08,880
2013-03-09,838
2013-03-10,693
2013-03-11,824
2013-03-12,841
2013-03-13,824
2013-03-14,841
2013-03-15,878
2013-03-16,827
2013-03-17,771
2013-03-18,793
2013-03-19,770
2013-03-20,789
2013-03-21,759
2013-03-22,863
2013-03-23,782
2013-03-24,789
2013-03-25,758
2013-03-26,774
2013-03-27,775
2013-03-28,833
2013-03-29,873
2013-03-30,868
2013-03-31,767
2013-04-01,950
2013-04-02,839
2013-04-03,826
2013-04-04,934
2013-04-05,900
2013-04-06,807
2013-04-07,796
2013-04-08,896
2013-04-09,825
2013-04-10,852
2013-04-11,812
2013-04-12,921
2013-04-13,842
2013-04-14,827
2013-04-15,843
2013-04-16,861
2013-04-17,719
2013-04-18,797
2013-04-19,847
2013-04-20,804
2013-04-21,773
2013-04-22,915
2013-04-23,764
2013-04-24,907
2013-04-25,875
2013-04-26,962
2013-04-27,869
2013-04-28,794
2013-04-29,904
2013-04-30,860
2013-05-01,1164
2013-05-02,827
2013-05-03,903
2013-05-04,913
2013-05-05,827
2013-05-06,877
2013-05-07,907
2013-05-08,965
2013-05-09,837
2013-05-10,915
2013-05-11,833
2013-05-12,832
2013-05-13,895
2013-05-14,906
2013-05-15,1037
2013-05-16,971
2013-05-17,987
2013-05-18,946
2013-05-19,850
2013-05-20,960
2013-05-21,931
2013-05-22,910
2013-05-23,840
2013-05-24,935
2013-05-25,838
2013-05-26,777
2013-05-27,770
2013-05-28,848
2013-05-29,904
2013-05-30,946
2013-05-31,933
2013-06-01,1074
2013-06-02,832
2013-06-03,914
2013-06-04,858
2013-06-05,904
2013-06-06,960
2013-06-07,878
2013-06-08,923
2013-06-09,831
2013-06-10,888
2013-06-11,854
2013-06-12,830
2013-06-13,915
2013-06-14,1008
2013-06-15,896
2013-06-16,955
2013-06-17,1022
2013-06-18,930
2013-06-19,899
2013-06-20,969
2013-06-21,904
2013-06-22,922
2013-06-23,888
2013-06-24,825
2013-06-25,913
2013-06-26,951
2013-06-27,875
2013-06-28,910
2013-06-29,903
2013-06-30,934
2013-07-01,1075
2013-07-02,879
2013-07-03,878
2013-07-04,946
2013-07-05,989
2013-07-06,886
2013-07-07,903
2013-07-08,883
2013-07-09,884
2013-07-10,871
2013-07-11,884
2013-07-12,947
2013-07-13,946
2013-07-14,946
2013-07-15,1018
2013-07-16,907
2013-07-17,932
2013-07-18,920
2013-07-19,904
2013-07-20,918
2013-07-21,929
2013-07-22,1001
2013-07-23,925
2013-07-24,963
2013-07-25,918
2013-07-26,991
2013-07-27,895
2013-07-28,859
2013-07-29,891
2013-07-30,891
2013-07-31,843
2013-08-01,1022
2013-08-02,968
2013-08-03,972
2013-08-04,922
2013-08-05,853
2013-08-06,905
2013-08-07,940
2013-08-08,911
2013-08-09,987
2013-08-10,1018
2013-08-11,896
2013-08-12,982
2013-08-13,900
2013-08-14,881
2013-08-15,924
2013-08-16,924
2013-08-17,944
2013-08-18,882
2013-08-19,938
2013-08-20,961
2013-08-21,864
2013-08-22,905
2013-08-23,905
2013-08-24,941
2013-08-25,949
2013-08-26,940
2013-08-27,885
2013-08-28,902
2013-08-29,872
2013-08-30,934
2013-08-31,816
2013-09-01,1109
2013-09-02,928
2013-09-03,873
2013-09-04,839
2013-09-05,926
2013-09-06,897
2013-09-07,921
2013-09-08,865
2013-09-09,868
2013-09-10,916
2013-09-11,872
2013-09-12,857
2013-09-13,885
2013-09-14,828
2013-09-15,835
2013-09-16,776
2013-09-17,836
2013-09-18,853
2013-09-19,850
2013-09-20,946
2013-09-21,904
2013-09-22,757
2013-09-23,848
2013-09-24,921
2013-09-25,886
2013-09-26,855
2013-09-27,965
2013-09-28,923
2013-09-29,757
2013-09-30,833
2013-10-01,1093
2013-10-02,868
2013-10-03,859
2013-10-04,874
2013-10-05,852
2013-10-06,742
2013-10-07,775
2013-10-08,801
2013-10-09,881
2013-10-10,855
2013-10-11,870
2013-10-12,820
2013-10-13,779
2013-10-14,783
2013-10-15,782
2013-10-16,800
2013-10-17,778
2013-10-18,837
2013-10-19,778
2013-10-20,808
2013-10-21,779
2013-10-22,750
2013-10-23,751
2013-10-24,766
2013-10-25,843
2013-10-26,745
2013-10-27,749
2013-10-28,840
2013-10-29,851
2013-10-30,831
2013-10-31,920
2013-11-01,1009
2013-11-02,776
2013-11-03,798
2013-11-04,830
2013-11-05,827
2013-11-06,784
2013-11-07,772
2013-11-08,864
2013-11-09,773
2013-11-10,752
2013-11-11,685
2013-11-12,688
2013-11-13,826
2013-11-14,765
2013-11-15,933
2013-11-16,763
2013-11-17,741
2013-11-18,857
2013-11-19,850
2013-11-20,869
2013-11-21,863
2013-11-22,852
2013-11-23,672
2013-11-24,640
2013-11-25,680
2013-11-26,830
2013-11-27,733
2013-11-28,567
2013-11-29,807
2013-11-30,746
2013-12-01,875
2013-12-02,790
2013-12-03,856
2013-12-04,866
2013-12-05,763
2013-12-06,725
2013-12-07,649
2013-12-08,609
2013-12-09,628
2013-12-10,635
2013-12-11,651
2013-12-12,661
2013-12-13,799
2013-12-14,653
2013-12-15,630
2013-12-16,707
2013-12-17,756
2013-12-18,762
2013-12-19,798
2013-12-20,859
2013-12-21,784
2013-12-22,752
2013-12-23,677
2013-12-24,542
2013-12-25,425
2013-12-26,604
2013-12-27,735
2013-12-28,740
2013-12-29,718
2013-12-30,640
2013-12-31,561
2014-01-01,1169
2014-01-02,482
2014-01-03,562
2014-01-04,577
2014-01-05,404
2014-01-06,366
2014-01-07,467
2014-01-08,598
2014-01-09,613
2014-01-10,635
2014-01-11,653
2014-01-12,687
2014-01-13,759
2014-01-14,687
2014-01-15,744
2014-01-16,688
2014-01-17,746
2014-01-18,663
2014-01-19,647
2014-01-20,695
2014-01-21,589
2014-01-22,624
2014-01-23,624
2014-01-24,687
2014-01-25,677
2014-01-26,593
2014-01-27,546
2014-01-28,595
2014-01-29,728
2014-01-30,751
2014-01-31,744
2014-02-01,787
2014-02-02,579
2014-02-03,677
2014-02-04,645
2014-02-05,559
2014-02-06,610
2014-02-07,693
2014-02-08,602
2014-02-09,648
2014-02-10,617
2014-02-11,595
2014-02-12,604
2014-02-13,642
2014-02-14,695
2014-02-15,638
2014-02-16,585
2014-02-17,597
2014-02-18,632
2014-02-19,709
2014-02-20,648
2014-02-21,718
2014-02-22,647
2014-02-23,631
2014-02-24,633
2014-02-25,649
2014-02-26,662
2014-02-27,612
2014-02-28,700
2014-03-01,732
2014-03-02,550
2014-03-03,593
2014-03-04,627
2014-03-05,637
2014-03-06,660
2014-03-07,757
2014-03-08,684
2014-03-09,621
2014-03-10,815
2014-03-11,697
2014-03-12,660
2014-03-13,718
2014-03-14,825
2014-03-15,844
2014-03-16,638
2014-03-17,705
2014-03-18,818
2014-03-19,761
2014-03-20,782
2014-03-21,800
2014-03-22,737
2014-03-23,647
2014-03-24,696
2014-03-25,700
2014-03-26,724
2014-03-27,719
2014-03-28,785
2014-03-29,770
2014-03-30,737
2014-03-31,736
2014-04-01,913
2014-04-02,723
2014-04-03,715
2014-04-04,812
2014-04-05,752
2014-04-06,709
2014-04-07,762
2014-04-08,748
2014-04-09,775
2014-04-10,811
2014-04-11,785
2014-04-12,872
2014-04-13,679
2014-04-14,688
2014-04-15,747
2014-04-16,772
2014-04-17,836
2014-04-18,787
2014-04-19,754
2014-04-20,688
2014-04-21,729
2014-04-22,736
2014-04-23,737
2014-04-24,768
2014-04-25,847
2014-04-26,778
2014-04-27,672
2014-04-28,722
2014-04-29,787
2014-04-30,798
2014-05-01,871
2014-05-02,864
2014-05-03,745
2014-05-04,721
2014-05-05,845
2014-05-06,825
2014-05-07,769
2014-05-08,767
2014-05-09,862
2014-05-10,817
2014-05-11,743
2014-05-12,813
2014-05-13,813
2014-05-14,787
2014-05-15,753
2014-05-16,841
2014-05-17,803
2014-05-18,859
2014-05-19,787
2014-05-20,764
2014-05-21,834
2014-05-22,789
2014-05-23,807
2014-05-24,759
2014-05-25,824
2014-05-26,778
2014-05-27,764
2014-05-28,801
2014-05-29,774
2014-05-30,827
2014-05-31,848
2014-06-01,1026
2014-06-02,873
2014-06-03,899
2014-06-04,775
2014-06-05,803
2014-06-06,857
2014-06-07,869
2014-06-08,774
2014-06-09,823
2014-06-10,673
2014-06-11,773
2014-06-12,822
2014-06-13,936
2014-06-14,841
2014-06-15,882
2014-06-16,871
2014-06-17,887
2014-06-18,770
2014-06-19,824
2014-06-20,887
2014-06-21,865
2014-06-22,867
2014-06-23,829
2014-06-24,859
2014-06-25,855
2014-06-26,825
2014-06-27,895
2014-06-28,853
2014-06-29,906
2014-06-30,801
2014-07-01,1001
2014-07-02,819
2014-07-03,886
2014-07-04,838
2014-07-05,898
2014-07-06,872
2014-07-07,898
2014-07-08,817
2014-07-09,855
2014-07-10,820
2014-07-11,943
2014-07-12,808
2014-07-13,849
2014-07-14,811
2014-07-15,817
2014-07-16,843
2014-07-17,807
2014-07-18,874
2014-07-19,868
2014-07-20,844
2014-07-21,810
2014-07-22,832
2014-07-23,861
2014-07-24,852
2014-07-25,925
2014-07-26,875
2014-07-27,890
2014-07-28,873
2014-07-29,804
2014-07-30,792
2014-07-31,859
2014-08-01,1072
2014-08-02,895
2014-08-03,845
2014-08-04,780
2014-08-05,825
2014-08-06,808
2014-08-07,842
2014-08-08,819
2014-08-09,886
2014-08-10,855
2014-08-11,873
2014-08-12,759
2014-08-13,855
2014-08-14,795
2014-08-15,863
2014-08-16,854
2014-08-17,862
2014-08-18,815
2014-08-19,776
2014-08-20,835
2014-08-21,778
2014-08-22,816
2014-08-23,822
2014-08-24,856
2014-08-25,777
2014-08-26,804
2014-08-27,781
2014-08-28,738
2014-08-29,884
2014-08-30,867
2014-08-31,830
2014-09-01,1005
2014-09-02,799
2014-09-03,722
2014-09-04,748
2014-09-05,843
2014-09-06,813
2014-09-07,823
2014-09-08,687
2014-09-09,786
2014-09-10,706
2014-09-11,748
2014-09-12,718
2014-09-13,684
2014-09-14,759
2014-09-15,737
2014-09-16,748
2014-09-17,796
2014-09-18,867
2014-09-19,876
2014-09-20,846
2014-09-21,791
2014-09-22,767
2014-09-23,834
2014-09-24,836
2014-09-25,750
2014-09-26,879
2014-09-27,891
2014-09-28,837
2014-09-29,798
2014-09-30,780
2014-10-01,972
2014-10-02,801
2014-10-03,777
2014-10-04,722
2014-10-05,716
2014-10-06,722
2014-10-07,758
2014-10-08,746
2014-10-09,686
2014-10-10,741
2014-10-11,800
2014-10-12,691
2014-10-13,705
2014-10-14,730
2014-10-15,773
2014-10-16,746
2014-10-17,868
2014-10-18,836
2014-10-19,744
2014-10-20,758
2014-10-21,777
2014-10-22,727
2014-10-23,776
2014-10-24,879
2014-10-25,802
2014-10-26,751
2014-10-27,812
2014-10-28,770
2014-10-29,793
2014-10-30,779
2014-10-31,824
2014-11-01,897
2014-11-02,726
2014-11-03,773
2014-11-04,776
2014-11-05,742
2014-11-06,668
2014-11-07,780
2014-11-08,744
2014-11-09,684
2014-11-10,775
2014-11-11,674
2014-11-12,595
2014-11-13,661
2014-11-14,752
2014-11-15,749
2014-11-16,675
2014-11-17,624
2014-11-18,624
2014-11-19,633
2014-11-20,633
2014-11-21,731
2014-11-22,728
2014-11-23,688
2014-11-24,590
2014-11-25,662
2014-11-26,677
2014-11-27,453
2014-11-28,604
2014-11-29,705
2014-11-30,722
2014-12-01,811
2014-12-02,649
2014-12-03,750
2014-12-04,691
2014-12-05,801
2014-12-06,660
2014-12-07,595
2014-12-08,708
2014-12-09,652
2014-12-10,726
2014-12-11,637
2014-12-12,726
2014-12-13,768
2014-12-14,713
2014-12-15,728
2014-12-16,660
2014-12-17,736
2014-12-18,667
2014-12-19,768
2014-12-20,739
2014-12-21,650
2014-12-22,647
2014-12-23,673
2014-12-24,568
2014-12-25,439
2014-12-26,624
2014-12-27,717
2014-12-28,632
2014-12-29,677
2014-12-30,571
2014-12-31,585
2015-01-01,1185
2015-01-02,673
2015-01-03,648
2015-01-04,513
2015-01-05,521
2015-01-06,502
2015-01-07,473
2015-01-08,447
2015-01-09,590
2015-01-10,645
2015-01-11,648
2015-01-12,607
2015-01-13,611
2015-01-14,675
2015-01-15,762
2015-01-16,710
2015-01-17,741
2015-01-18,696
2015-01-19,707
2015-01-20,792
2015-01-21,744
2015-01-22,752
2015-01-23,800
2015-01-24,756
2015-01-25,646
2015-01-26,656
2015-01-27,674
2015-01-28,646
2015-01-29,703
2015-01-30,714
2015-01-31,635
2015-02-01,552
2015-02-02,473
2015-02-03,508
2015-02-04,577
2015-02-05,571
2015-02-06,692
2015-02-07,678
2015-02-08,615
2015-02-09,606
2015-02-10,628
2015-02-11,606
2015-02-12,610
2015-02-13,632
2015-02-14,597
2015-02-15,552
2015-02-16,536
2015-02-17,596
2015-02-18,510
2015-02-19,463
2015-02-20,650
2015-02-21,652
2015-02-22,591
2015-02-23,571
2015-02-24,627
2015-02-25,571
2015-02-26,516
2015-02-27,638
2015-02-28,545
2015-03-01,752
2015-03-02,658
2015-03-03,634
2015-03-04,559
2015-03-05,612
2015-03-06,711
2015-03-07,695
2015-03-08,625
2015-03-09,726
2015-03-10,753
2015-03-11,745
2015-03-12,751
2015-03-13,814
2015-03-14,797
2015-03-15,776
2015-03-16,778
2015-03-17,691
2015-03-18,688
2015-03-19,716
2015-03-20,775
2015-03-21,689
2015-03-22,656
2015-03-23,592
2015-03-24,639
2015-03-25,723
2015-03-26,683
2015-03-27,725
2015-03-28,657
2015-03-29,619
2015-03-30,718
2015-03-31,692
2015-04-01,921
2015-04-02,792
2015-04-03,710
2015-04-04,691
2015-04-05,673
2015-04-06,676
2015-04-07,603
2015-04-08,679
2015-04-09,647
2015-04-10,713
2015-04-11,719
2015-04-12,773
2015-04-13,734
2015-04-14,767
2015-04-15,798
2015-04-16,685
2015-04-17,785
2015-04-18,769
2015-04-19,703
2015-04-20,742
2015-04-21,662
2015-04-22,682
2015-04-23,730
2015-04-24,760
2015-04-25,695
2015-04-26,718
2015-04-27,719
2015-04-28,718
2015-04-29,765
2015-04-30,665
2015-05-01,942
2015-05-02,684
2015-05-03,745
2015-05-04,778
2015-05-05,696
2015-05-06,739
2015-05-07,823
2015-05-08,806
2015-05-09,685
2015-05-10,741
2015-05-11,746
2015-05-12,757
2015-05-13,767
2015-05-14,755
2015-05-15,819
2015-05-16,881
2015-05-17,835
2015-05-18,756
2015-05-19,707
2015-05-20,729
2015-05-21,744
2015-05-22,824
2015-05-23,798
2015-05-24,687
2015-05-25,708
2015-05-26,770
2015-05-27,737
2015-05-28,800
2015-05-29,827
2015-05-30,718
2015-05-31,665
2015-06-01,943
2015-06-02,771
2015-06-03,776
2015-06-04,720
2015-06-05,786
2015-06-06,756
2015-06-07,739
2015-06-08,681
2015-06-09,730
2015-06-10,791
2015-06-11,802
2015-06-12,827
2015-06-13,812
2015-06-14,794
2015-06-15,738
2015-06-16,847
2015-06-17,720
2015-06-18,768
2015-06-19,775
2015-06-20,766
2015-06-21,783
2015-06-22,779
2015-06-23,732
2015-06-24,728
2015-06-25,783
2015-06-26,783
2015-06-27,722
2015-06-28,797
2015-06-29,751
2015-06-30,748
2015-07-01,880
2015-07-02,757
2015-07-03,768
2015-07-04,845
2015-07-05,898
2015-07-06,757
2015-07-07,700
2015-07-08,715
2015-07-09,671
2015-07-10,738
2015-07-11,797
2015-07-12,801
2015-07-13,781
2015-07-14,711
2015-07-15,793
2015-07-16,670
2015-07-17,824
2015-07-18,777
2015-07-19,762
2015-07-20,777
2015-07-21,776
2015-07-22,772
2015-07-23,810
2015-07-24,866
2015-07-25,831
2015-07-26,802
2015-07-27,835
2015-07-28,767
2015-07-29,762
2015-07-30,775
2015-07-31,779
2015-08-01,1032
2015-08-02,821
2015-08-03,729
2015-08-04,761
2015-08-05,771
2015-08-06,809
2015-08-07,839
2015-08-08,848
2015-08-09,745
2015-08-10,807
2015-08-11,790
2015-08-12,759
2015-08-13,783
2015-08-14,805
2015-08-15,823
2015-08-16,864
2015-08-17,740
2015-08-18,761
2015-08-19,792
2015-08-20,838
2015-08-21,858
2015-08-22,845
2015-08-23,806
2015-08-24,724
2015-08-25,766
2015-08-26,789
2015-08-27,763
2015-08-28,804
2015-08-29,760
2015-08-30,799
2015-08-31,744
2015-09-01,948
2015-09-02,798
2015-09-03,874
2015-09-04,813
2015-09-05,763
2015-09-06,818
2015-09-07,807
2015-09-08,717
2015-09-09,711
2015-09-10,658
2015-09-11,689
2015-09-12,724
2015-09-13,734
2015-09-14,789
2015-09-15,808
2015-09-16,766
2015-09-17,717
2015-09-18,791
2015-09-19,790
2015-09-20,810
2015-09-21,735
2015-09-22,776
2015-09-23,830
2015-09-24,715
2015-09-25,808
2015-09-26,792
2015-09-27,800
2015-09-28,752
2015-09-29,668
2015-09-30,677
2015-10-01,876
2015-10-02,796
2015-10-03,708
2015-10-04,653
2015-10-05,754
2015-10-06,751
2015-10-07,717
2015-10-08,701
2015-10-09,794
2015-10-10,727
2015-10-11,735
2015-10-12,729
2015-10-13,741
2015-10-14,764
2015-10-15,814
2015-10-16,733
2015-10-17,706
2015-10-18,675
2015-10-19,788
2015-10-20,783
2015-10-21,793
2015-10-22,773
2015-10-23,777
2015-10-24,764
2015-10-25,728
2015-10-26,780
2015-10-27,649
2015-10-28,681
2015-10-29,669
2015-10-30,775
2015-10-31,721
2015-11-01,986
2015-11-02,784
2015-11-03,749
2015-11-04,788
2015-11-05,753
2015-11-06,747
2015-11-07,691
2015-11-08,704
2015-11-09,684
2015-11-10,640
2015-11-11,686
2015-11-12,691
2015-11-13,679
2015-11-14,696
2015-11-15,720
2015-11-16,742
2015-11-17,667
2015-11-18,681
2015-11-19,696
2015-11-20,711
2015-11-21,528
2015-11-22,519
2015-11-23,650
2015-11-24,607
2015-11-25,619
2015-11-26,588
2015-11-27,612
2015-11-28,657
2015-11-29,612
2015-11-30,667
2015-12-01,781
2015-12-02,716
2015-12-03,710
2015-12-04,701
2015-12-05,707
2015-12-06,687
2015-12-07,689
2015-12-08,729
2015-12-09,685
2015-12-10,689
2015-12-11,742
2015-12-12,753
2015-12-13,651
2015-12-14,738
2015-12-15,792
2015-12-16,722
2015-12-17,727
2015-12-18,653
2015-12-19,666
2015-12-20,693
2015-12-21,649
2015-12-22,694
2015-12-23,753
2015-12-24,675
2015-12-25,498
2015-12-26,639
2015-12-27,626
2015-12-28,516
2015-12-29,623
2015-12-30,603
2015-12-31,610
2016-01-01,1091
2016-01-02,574
2016-01-03,618
2016-01-04,626
2016-01-05,625
2016-01-06,626
2016-01-07,706
2016-01-08,742
2016-01-09,649
2016-01-10,596
2016-01-11,512
2016-01-12,548
2016-01-13,653
2016-01-14,733
2016-01-15,732
2016-01-16,651
2016-01-17,537
2016-01-18,513
2016-01-19,610
2016-01-20,618
2016-01-21,632
2016-01-22,699
2016-01-23,721
2016-01-24,674
2016-01-25,742
2016-01-26,640
2016-01-27,669
2016-01-28,751
2016-01-29,746
2016-01-30,742
2016-01-31,664
2016-02-01,843
2016-02-02,612
2016-02-03,679
2016-02-04,670
2016-02-05,659
2016-02-06,695
2016-02-07,616
2016-02-08,569
2016-02-09,545
2016-02-10,565
2016-02-11,581
2016-02-12,644
2016-02-13,596
2016-02-14,513
2016-02-15,551
2016-02-16,625
2016-02-17,639
2016-02-18,679
2016-02-19,772
2016-02-20,700
2016-02-21,706
2016-02-22,639
2016-02-23,630
2016-02-24,578
2016-02-25,696
2016-02-26,738
2016-02-27,689
2016-02-28,621
2016-02-29,645
2016-03-01,811
2016-03-02,606
2016-03-03,614
2016-03-04,701
2016-03-05,697
2016-03-06,714
2016-03-07,794
2016-03-08,721
2016-03-09,676
2016-03-10,713
2016-03-11,733
2016-03-12,744
2016-03-13,627
2016-03-14,683
2016-03-15,713
2016-03-16,744
2016-03-17,737
2016-03-18,789
2016-03-19,699
2016-03-20,685
2016-03-21,697
2016-03-22,722
2016-03-23,686
2016-03-24,677
2016-03-25,715
2016-03-26,735
2016-03-27,631
2016-03-28,741
2016-03-29,739
2016-03-30,716
2016-03-31,754
2016-04-01,814
2016-04-02,651
2016-04-03,706
2016-04-04,659
2016-04-05,674
2016-04-06,659
2016-04-07,740
2016-04-08,624
2016-04-09,688
2016-04-10,702
2016-04-11,674
2016-04-12,700
2016-04-13,715
2016-04-14,690
2016-04-15,811
2016-04-16,734
2016-04-17,708
2016-04-18,737
2016-04-19,703
2016-04-20,686
2016-04-21,713
2016-04-22,728
2016-04-23,692
2016-04-24,755
2016-04-25,759
2016-04-26,691
2016-04-27,659
2016-04-28,731
2016-04-29,715
2016-04-30,603
2016-05-01,809
2016-05-02,755
2016-05-03,735
2016-05-04,681
2016-05-05,695
2016-05-06,794
2016-05-07,740
2016-05-08,727
2016-05-09,729
2016-05-10,711
2016-05-11,757
2016-05-12,688
2016-05-13,808
2016-05-14,720
2016-05-15,738
2016-05-16,782
2016-05-17,689
2016-05-18,799
2016-05-19,763
2016-05-20,804
2016-05-21,792
2016-05-22,750
2016-05-23,781
2016-05-24,803
2016-05-25,718
2016-05-26,765
2016-05-27,798
2016-05-28,791
2016-05-29,798
2016-05-30,819
2016-05-31,754
2016-06-01,919
2016-06-02,798
2016-06-03,822
2016-06-04,827
2016-06-05,777
2016-06-06,791
2016-06-07,754
2016-06-08,743
2016-06-09,724
2016-06-10,764
2016-06-11,814
2016-06-12,849
2016-06-13,794
2016-06-14,835
2016-06-15,788
2016-06-16,819
2016-06-17,827
2016-06-18,762
2016-06-19,811
2016-06-20,856
2016-06-21,823
2016-06-22,749
2016-06-23,800
2016-06-24,808
2016-06-25,812
2016-06-26,774
2016-06-27,768
2016-06-28,767
2016-06-29,803
2016-06-30,847
2016-07-01,951
2016-07-02,756
2016-07-03,782
2016-07-04,846
2016-07-05,894
2016-07-06,741
2016-07-07,788
2016-07-08,789
2016-07-09,728
2016-07-10,760
2016-07-11,701
2016-07-12,780
2016-07-13,726
2016-07-14,768
2016-07-15,844
2016-07-16,780
2016-07-17,787
2016-07-18,799
2016-07-19,792
2016-07-20,822
2016-07-21,784
2016-07-22,790
2016-07-23,813
2016-07-24,790
2016-07-25,827
2016-07-26,877
2016-07-27,795
2016-07-28,774
2016-07-29,801
2016-07-30,926
2016-07-31,813
2016-08-01,866
2016-08-02,790
2016-08-03,771
2016-08-04,790
2016-08-05,862
2016-08-06,826
2016-08-07,838
2016-08-08,802
2016-08-09,722
2016-08-10,721
2016-08-11,851
2016-08-12,743
2016-08-13,825
2016-08-14,842
2016-08-15,842
2016-08-16,813
2016-08-17,861
2016-08-18,764
2016-08-19,792
2016-08-20,843
2016-08-21,785
2016-08-22,727
2016-08-23,751
2016-08-24,823
2016-08-25,770
2016-08-26,803
2016-08-27,818
2016-08-28,805
2016-08-29,881
2016-08-30,755
2016-08-31,776
2016-09-01,1022
2016-09-02,798
2016-09-03,829
2016-09-04,778
2016-09-05,820
2016-09-06,761
2016-09-07,720
2016-09-08,792
2016-09-09,818
2016-09-10,766
2016-09-11,757
2016-09-12,791
2016-09-13,786
2016-09-14,818
2016-09-15,822
2016-09-16,803
2016-09-17,834
2016-09-18,780
2016-09-19,712
2016-09-20,791
2016-09-21,731
2016-09-22,829
2016-09-23,840
2016-09-24,833
2016-09-25,809
2016-09-26,763
2016-09-27,733
2016-09-28,634
2016-09-29,702
2016-09-30,772
2016-10-01,849
2016-10-02,706
2016-10-03,769
2016-10-04,744
2016-10-05,802
2016-10-06,751
2016-10-07,863
2016-10-08,714
2016-10-09,681
2016-10-10,719
2016-10-11,694
2016-10-12,745
2016-10-13,693
2016-10-14,821
2016-10-15,821
2016-10-16,788
2016-10-17,816
2016-10-18,773
2016-10-19,710
2016-10-20,717
2016-10-21,760
2016-10-22,771
2016-10-23,784
2016-10-24,770
2016-10-25,734
2016-10-26,698
2016-10-27,729
2016-10-28,802
2016-10-29,831
2016-10-30,786
2016-10-31,867
2016-11-01,899
2016-11-02,748
2016-11-03,783
2016-11-04,783
2016-11-05,821
2016-11-06,753
2016-11-07,733
2016-11-08,644
2016-11-09,679
2016-11-10,720
2016-11-11,797
2016-11-12,779
2016-11-13,659
2016-11-14,669
2016-11-15,711
2016-11-16,770
2016-11-17,809
2016-11-18,794
2016-11-19,676
2016-11-20,663
2016-11-21,683
2016-11-22,721
2016-11-23,697
2016-11-24,534
2016-11-25,689
2016-11-26,717
2016-11-27,693
2016-11-28,693
2016-11-29,697
2016-11-30,697
2016-12-01,804
2016-12-02,834
2016-12-03,757
2016-12-04,595
2016-12-05,674
2016-12-06,689
2016-12-07,659
2016-12-08,606
2016-12-09,666
2016-12-10,612
2016-12-11,512
2016-12-12,628
2016-12-13,572
2016-12-14,610
2016-12-15,578
2016-12-16,694
2016-12-17,613
2016-12-18,526
2016-12-19,660
2016-12-20,692
2016-12-21,728
2016-12-22,702
2016-12-23,728
2016-12-24,604
2016-12-25,487
2016-12-26,646
2016-12-27,663
2016-12-28,722
2016-12-29,648
2016-12-30,742
2016-12-31,703
2017-01-01,1134
2017-01-02,612
2017-01-03,717
2017-01-04,611
2017-01-05,610
2017-01-06,599
2017-01-07,617
2017-01-08,589
2017-01-09,712
2017-01-10,705
2017-01-11,658
2017-01-12,644
2017-01-13,798
2017-01-14,683
2017-01-15,655
2017-01-16,651
2017-01-17,702
2017-01-18,706
2017-01-19,737
2017-01-20,783
2017-01-21,786
2017-01-22,742
2017-01-23,788
2017-01-24,735
2017-01-25,748
2017-01-26,672
2017-01-27,784
2017-01-28,728
2017-01-29,633
2017-01-30,755
2017-01-31,732
2017-02-01,834
2017-02-02,670
2017-02-03,668
2017-02-04,638
2017-02-05,695
2017-02-06,762
2017-02-07,691
2017-02-08,666
2017-02-09,669
2017-02-10,744
2017-02-11,704
2017-02-12,678
2017-02-13,718
2017-02-14,711
2017-02-15,671
2017-02-16,671
2017-02-17,827
2017-02-18,745
2017-02-19,674
2017-02-20,710
2017-02-21,677
2017-02-22,701
2017-02-23,652
2017-02-24,658
2017-02-25,596
2017-02-26,575
2017-02-27,633
2017-02-28,628
2017-03-01,727
2017-03-02,627
2017-03-03,672
2017-03-04,633
2017-03-05,659
2017-03-06,683
2017-03-07,681
2017-03-08,666
2017-03-09,676
2017-03-10,665
2017-03-11,654
2017-03-12,552
2017-03-13,540
2017-03-14,470
2017-03-15,604
2017-03-16,664
2017-03-17,708
2017-03-18,674
2017-03-19,604
2017-03-20,692
2017-03-21,648
2017-03-22,646
2017-03-23,664
2017-03-24,778
2017-03-25,694
2017-03-26,702
2017-03-27,721
2017-03-28,673
2017-03-29,669
2017-03-30,689
2017-03-31,777
2017-04-01,819
2017-04-02,690
2017-04-03,692
2017-04-04,712
2017-04-05,631
2017-04-06,668
2017-04-07,702
2017-04-08,694
2017-04-09,761
2017-04-10,682
2017-04-11,702
2017-04-12,725
2017-04-13,664
2017-04-14,772
2017-04-15,816
2017-04-16,686
2017-04-17,746
2017-04-18,735
2017-04-19,756
2017-04-20,712
2017-04-21,814
2017-04-22,701
2017-04-23,703
2017-04-24,735
2017-04-25,756
2017-04-26,758
2017-04-27,715
2017-04-28,832
2017-04-29,615
2017-04-30,656
2017-05-01,853
2017-05-02,689
2017-05-03,738
2017-05-04,741
2017-05-05,795
2017-05-06,711
2017-05-07,629
2017-05-08,705
2017-05-09,707
2017-05-10,663
2017-05-11,732
2017-05-12,847
2017-05-13,724
2017-05-14,712
2017-05-15,869
2017-05-16,747
2017-05-17,832
2017-05-18,775
2017-05-19,776
2017-05-20,664
2017-05-21,791
2017-05-22,794
2017-05-23,737
2017-05-24,760
2017-05-25,763
2017-05-26,766
2017-05-27,800
2017-05-28,705
2017-05-29,768
2017-05-30,814
2017-05-31,737
2017-06-01,859
2017-06-02,841
2017-06-03,823
2017-06-04,819
2017-06-05,734
2017-06-06,822
2017-06-07,785
2017-06-08,769
2017-06-09,815
2017-06-10,782
2017-06-11,812
2017-06-12,741
2017-06-13,807
2017-06-14,768
2017-06-15,820
2017-06-16,834
2017-06-17,827
2017-06-18,786
2017-06-19,745
2017-06-20,802
2017-06-21,784
2017-06-22,818
2017-06-23,777
2017-06-24,819
2017-06-25,798
2017-06-26,786
2017-06-27,771
2017-06-28,704
2017-06-29,775
2017-06-30,777
2017-07-01,918
2017-07-02,780
2017-07-03,863
2017-07-04,795
2017-07-05,858
2017-07-06,776
2017-07-07,758
2017-07-08,759
2017-07-09,822
2017-07-10,780
2017-07-11,768
2017-07-12,688
2017-07-13,816
2017-07-14,797
2017-07-15,887
2017-07-16,812
2017-07-17,839
2017-07-18,790
2017-07-19,767
2017-07-20,758
2017-07-21,758
2017-07-22,753
2017-07-23,842
2017-07-24,781
2017-07-25,849
2017-07-26,749
2017-07-27,790
2017-07-28,851
2017-07-29,799
2017-07-30,818
2017-07-31,788
2017-08-01,942
2017-08-02,773
2017-08-03,847
2017-08-04,923
2017-08-05,926
2017-08-06,865
2017-08-07,773
2017-08-08,764
2017-08-09,769
2017-08-10,789
2017-08-11,765
2017-08-12,812
2017-08-13,730
2017-08-14,810
2017-08-15,794
2017-08-16,795
2017-08-17,767
2017-08-18,856
2017-08-19,891
2017-08-20,774
2017-08-21,752
2017-08-22,779
2017-08-23,745
2017-08-24,799
2017-08-25,769
2017-08-26,780
2017-08-27,753
2017-08-28,686
2017-08-29,724
2017-08-30,785
2017-08-31,733
2017-09-01,899
2017-09-02,769
2017-09-03,757
2017-09-04,715
2017-09-05,702
2017-09-06,648
2017-09-07,727
2017-09-08,702
2017-09-09,733
2017-09-10,739
2017-09-11,689
2017-09-12,723
2017-09-13,704
2017-09-14,734
2017-09-15,807
2017-09-16,826
2017-09-17,812
2017-09-18,771
2017-09-19,708
2017-09-20,826
2017-09-21,804
2017-09-22,797
2017-09-23,829
2017-09-24,808
2017-09-25,820
2017-09-26,747
2017-09-27,723
2017-09-28,714
2017-09-29,807
2017-09-30,745
2017-10-01,837
2017-10-02,751
2017-10-03,739
2017-10-04,742
2017-10-05,747
2017-10-06,748
2017-10-07,711
2017-10-08,717
2017-10-09,746
2017-10-10,702
2017-10-11,614
2017-10-12,764
2017-10-13,768
2017-10-14,646
2017-10-15,638
2017-10-16,760
2017-10-17,716
2017-10-18,771
2017-10-19,771
2017-10-20,847
2017-10-21,813
2017-10-22,737
2017-10-23,737
2017-10-24,687
2017-10-25,714
2017-10-26,752
2017-10-27,817
2017-10-28,716
2017-10-29,694
2017-10-30,708
2017-10-31,755
2017-11-01,813
2017-11-02,722
2017-11-03,788
2017-11-04,756
2017-11-05,773
2017-11-06,718
2017-11-07,679
2017-11-08,758
2017-11-09,654
2017-11-10,679
2017-11-11,688
2017-11-12,664
2017-11-13,718
2017-11-14,696
2017-11-15,709
2017-11-16,761
2017-11-17,738
2017-11-18,697
2017-11-19,690
2017-11-20,762
2017-11-21,672
2017-11-22,652
2017-11-23,546
2017-11-24,682
2017-11-25,713
2017-11-26,661
2017-11-27,772
2017-11-28,783
2017-11-29,771
2017-11-30,748
2017-12-01,900
2017-12-02,757
2017-12-03,672
2017-12-04,809
2017-12-05,709
2017-12-06,709
2017-12-07,624
2017-12-08,735
2017-12-09,658
2017-12-10,664
2017-12-11,736
2017-12-12,683
2017-12-13,702
2017-12-14,717
2017-12-15,766
2017-12-16,771
2017-12-17,727
2017-12-18,725
2017-12-19,764
2017-12-20,699
2017-12-21,746
2017-12-22,783
2017-12-23,712
2017-12-24,502
2017-12-25,394
2017-12-26,524
2017-12-27,522
2017-12-28,601
2017-12-29,572
2017-12-30,620
2017-12-31,542
2018-01-01,859
2018-01-02,556
2018-01-03,572
2018-01-04,600
2018-01-05,661
2018-01-06,585
2018-01-07,534
2018-01-08,618
2018-01-09,652
2018-01-10,714
2018-01-11,698
2018-01-12,705
2018-01-13,617
2018-01-14,563
2018-01-15,529
2018-01-16,613
2018-01-17,644
2018-01-18,623
2018-01-19,707
2018-01-20,725
2018-01-21,716
2018-01-22,724
2018-01-23,717
2018-01-24,611
2018-01-25,639
2018-01-26,761
2018-01-27,754
2018-01-28,669
2018-01-29,651
2018-01-30,633
2018-01-31,708
2018-02-01,713
2018-02-02,671
2018-02-03,627
2018-02-04,511
2018-02-05,538
2018-02-06,588
2018-02-07,541
2018-02-08,556
2018-02-09,505
2018-02-10,532
2018-02-11,537
2018-02-12,570
2018-02-13,641
2018-02-14,660
2018-02-15,696
2018-02-16,662
2018-02-17,603
2018-02-18,585
2018-02-19,624
2018-02-20,641
2018-02-21,635
2018-02-22,677
2018-02-23,668
2018-02-24,681
2018-02-25,655
2018-02-26,623
2018-02-27,689
2018-02-28,645
2018-03-01,808
2018-03-02,692
2018-03-03,662
2018-03-04,648
2018-03-05,663
2018-03-06,651
2018-03-07,654
2018-03-08,659
2018-03-09,743
2018-03-10,682
2018-03-11,616
2018-03-12,660
2018-03-13,638
2018-03-14,664
2018-03-15,690
2018-03-16,701
2018-03-17,775
2018-03-18,684
2018-03-19,656
2018-03-20,710
2018-03-21,687
2018-03-22,668
2018-03-23,752
2018-03-24,648
2018-03-25,676
2018-03-26,695
2018-03-27,672
2018-03-28,687
2018-03-29,628
2018-03-30,704
2018-03-31,689
2018-04-01,708
2018-04-02,673
2018-04-03,603
2018-04-04,698
2018-04-05,670
2018-04-06,695
2018-04-07,636
2018-04-08,616
2018-04-09,660
2018-04-10,712
2018-04-11,768
2018-04-12,749
2018-04-13,780
2018-04-14,687
2018-04-15,599
2018-04-16,731
2018-04-17,699
2018-04-18,625
2018-04-19,722
2018-04-20,797
2018-04-21,677
2018-04-22,697
2018-04-23,715
2018-04-24,714
2018-04-25,750
2018-04-26,730
2018-04-27,772
2018-04-28,678
2018-04-29,725
2018-04-30,787
2018-05-01,978
2018-05-02,787
2018-05-03,738
2018-05-04,814
2018-05-05,850
2018-05-06,710
2018-05-07,802
2018-05-08,801
2018-05-09,787
2018-05-10,777
2018-05-11,729
2018-05-12,697
2018-05-13,689
2018-05-14,787
2018-05-15,743
2018-05-16,760
2018-05-17,793
2018-05-18,792
2018-05-19,758
2018-05-20,761
2018-05-21,712
2018-05-22,796
2018-05-23,778
2018-05-24,817
2018-05-25,801
2018-05-26,853
2018-05-27,882
2018-05-28,888
2018-05-29,874
2018-05-30,845
2018-05-31,842
2018-06-01,973
2018-06-02,820
2018-06-03,835
2018-06-04,789
2018-06-05,751
2018-06-06,813
2018-06-07,764
2018-06-08,772
2018-06-09,815
2018-06-10,730
2018-06-11,746
2018-06-12,791
2018-06-13,749
2018-06-14,754
2018-06-15,837
2018-06-16,822
2018-06-17,827
2018-06-18,840
2018-06-19,791
2018-06-20,886
2018-06-21,663
2018-06-22,722
2018-06-23,837
2018-06-24,868
2018-06-25,855
2018-06-26,793
2018-06-27,821
2018-06-28,819
2018-06-29,778
2018-06-30,865
2018-07-01,955
2018-07-02,858
2018-07-03,820
2018-07-04,828
2018-07-05,835
2018-07-06,885
2018-07-07,828
2018-07-08,819
2018-07-09,800
2018-07-10,805
2018-07-11,736
2018-07-12,797
2018-07-13,817
2018-07-14,785
2018-07-15,808
2018-07-16,774
2018-07-17,740
2018-07-18,835
2018-07-19,777
2018-07-20,821
2018-07-21,798
2018-07-22,794
2018-07-23,843
2018-07-24,794
2018-07-25,800
2018-07-26,798
2018-07-27,796
2018-07-28,808
2018-07-29,773
2018-07-30,782
2018-07-31,828
2018-08-01,905
2018-08-02,850
2018-08-03,890
2018-08-04,899
2018-08-05,858
2018-08-06,800
2018-08-07,780
2018-08-08,788
2018-08-09,768
2018-08-10,850
2018-08-11,856
2018-08-12,833
2018-08-13,818
2018-08-14,828
2018-08-15,793
2018-08-16,838
2018-08-17,807
2018-08-18,907
2018-08-19,789
2018-08-20,743
2018-08-21,719
2018-08-22,847
2018-08-23,726
2018-08-24,783
2018-08-25,829
2018-08-26,787
2018-08-27,821
2018-08-28,802
2018-08-29,746
2018-08-30,815
2018-08-31,825
2018-09-01,951
2018-09-02,815
2018-09-03,773
2018-09-04,812
2018-09-05,716
2018-09-06,736
2018-09-07,726
2018-09-08,788
2018-09-09,662
2018-09-10,711
2018-09-11,688
2018-09-12,712
2018-09-13,685
2018-09-14,867
2018-09-15,799
2018-09-16,810
2018-09-17,785
2018-09-18,729
2018-09-19,757
2018-09-20,822
2018-09-21,822
2018-09-22,798
2018-09-23,736
2018-09-24,796
2018-09-25,747
2018-09-26,750
2018-09-27,706
2018-09-28,789
2018-09-29,726
2018-09-30,737
2018-10-01,885
2018-10-02,714
2018-10-03,674
2018-10-04,695
2018-10-05,652
2018-10-06,726
2018-10-07,715
2018-10-08,740
2018-10-09,744
2018-10-10,718
2018-10-11,673
2018-10-12,703
2018-10-13,740
2018-10-14,702
2018-10-15,704
2018-10-16,666
2018-10-17,688
2018-10-18,719
2018-10-19,764
2018-10-20,803
2018-10-21,643
2018-10-22,709
2018-10-23,732
2018-10-24,800
2018-10-25,719
2018-10-26,824
2018-10-27,784
2018-10-28,712
2018-10-29,718
2018-10-30,760
2018-10-31,877
2018-11-01,902
2018-11-02,778
2018-11-03,778
2018-11-04,682
2018-11-05,701
2018-11-06,761
2018-11-07,684
2018-11-08,671
2018-11-09,715
2018-11-10,648
2018-11-11,647
2018-11-12,683
2018-11-13,606
2018-11-14,632
2018-11-15,687
2018-11-16,726
2018-11-17,667
2018-11-18,625
2018-11-19,634
2018-11-20,695
2018-11-21,739
2018-11-22,536
2018-11-23,748
2018-11-24,697
2018-11-25,574
2018-11-26,560
2018-11-27,634
2018-11-28,707
2018-11-29,666
2018-11-30,750
2018-12-01,778
2018-12-02,708
2018-12-03,766
2018-12-04,715
2018-12-05,706
2018-12-06,716
2018-12-07,744
2018-12-08,733
2018-12-09,689
2018-12-10,707
2018-12-11,670
2018-12-12,754
2018-12-13,711
2018-12-14,786
2018-12-15,739
2018-12-16,745
2018-12-17,702
2018-12-18,707
2018-12-19,733
2018-12-20,783
2018-12-21,799
2018-12-22,757
2018-12-23,635
2018-12-24,607
2018-12-25,448
2018-12-26,623
2018-12-27,625
2018-12-28,719
2018-12-29,694
2018-12-30,666
2018-12-31,648
2019-01-01,908
2019-01-02,644
2019-01-03,743
2019-01-04,756
2019-01-05,775
2019-01-06,662
2019-01-07,667
2019-01-08,697
2019-01-09,615
2019-01-10,672
2019-01-11,767
2019-01-12,657
2019-01-13,569
2019-01-14,632
2019-01-15,671
2019-01-16,689
2019-01-17,644
2019-01-18,659
2019-01-19,518
2019-01-20,492
2019-01-21,547
2019-01-22,614
2019-01-23,649
2019-01-24,600
2019-01-25,573
2019-01-26,521
2019-01-27,519
2019-01-28,516
2019-01-29,484
2019-01-30,334
2019-01-31,450
2019-02-01,698
2019-02-02,707
2019-02-03,588
2019-02-04,724
2019-02-05,640
2019-02-06,625
2019-02-07,667
2019-02-08,630
2019-02-09,743
2019-02-10,635
2019-02-11,612
2019-02-12,660
2019-02-13,631
2019-02-14,731
2019-02-15,723
2019-02-16,664
2019-02-17,616
2019-02-18,586
2019-02-19,601
2019-02-20,616
2019-02-21,691
2019-02-22,698
2019-02-23,632
2019-02-24,545
2019-02-25,589
2019-02-26,600
2019-02-27,639
2019-02-28,582
2019-03-01,694
2019-03-02,647
2019-03-03,540
2019-03-04,538
2019-03-05,527
2019-03-06,621
2019-03-07,595
2019-03-08,703
2019-03-09,601
2019-03-10,600
2019-03-11,694
2019-03-12,620
2019-03-13,682
2019-03-14,664
2019-03-15,721
2019-03-16,753
2019-03-17,608
2019-03-18,645
2019-03-19,630
2019-03-20,680
2019-03-21,682
2019-03-22,701
2019-03-23,682
2019-03-24,647
2019-03-25,631
2019-03-26,662
2019-03-27,681
2019-03-28,678
2019-03-29,666
2019-03-30,659
2019-03-31,631
2019-04-01,726
2019-04-02,634
2019-04-03,668
2019-04-04,647
2019-04-05,681
2019-04-06,734
2019-04-07,702
2019-04-08,735
2019-04-09,687
2019-04-10,640
2019-04-11,732
2019-04-12,758
2019-04-13,741
2019-04-14,524
2019-04-15,696
2019-04-16,695
2019-04-17,679
2019-04-18,619
2019-04-19,638
2019-04-20,721
2019-04-21,642
2019-04-22,724
2019-04-23,729
2019-04-24,691
2019-04-25,755
2019-04-26,740
2019-04-27,618
2019-04-28,601
2019-04-29,703
2019-04-30,709
2019-05-01,728
2019-05-02,687
2019-05-03,776
2019-05-04,697
2019-05-05,760
2019-05-06,779
2019-05-07,686
2019-05-08,753
2019-05-09,731
2019-05-10,771
2019-05-11,681
2019-05-12,626
2019-05-13,777
2019-05-14,707
2019-05-15,737
2019-05-16,729
2019-05-17,758
2019-05-18,740
2019-05-19,766
2019-05-20,787
2019-05-21,718
2019-05-22,754
2019-05-23,757
2019-05-24,831
2019-05-25,860
2019-05-26,814
2019-05-27,738
2019-05-28,731
2019-05-29,726
2019-05-30,731
2019-05-31,799
2019-06-01,781
2019-06-02,713
2019-06-03,687
2019-06-04,751
2019-06-05,761
2019-06-06,720
2019-06-07,796
2019-06-08,859
2019-06-09,787
2019-06-10,764
2019-06-11,759
2019-06-12,682
2019-06-13,677
2019-06-14,767
2019-06-15,765
2019-06-16,700
2019-06-17,726
2019-06-18,668
2019-06-19,753
2019-06-20,651
